{
  "rmse": 36878.95066345922,
  "r2": 0.8226858981872922
}